Subject_ID,Segment,Condition,Condition_Name,Start_Sample,End_Sample,ECG_Mean,ECG_Std,ECG_Skewness,ECG_Kurtosis,Heart_Rate,SDNN,RMSSD,EMG_Mean,EMG_Std,EMG_Max,EMG_Skewness,EMG_Kurtosis,Chest_EDA_Mean,Chest_EDA_Std,Chest_EDA_Max,Chest_SCR_Count,Chest_SCR_Amplitude_Mean,Wrist_EDA_Mean,Wrist_EDA_Std,Wrist_EDA_Max,Wrist_SCR_Count,Wrist_SCR_Amplitude_Mean,BVP_Mean,BVP_Std,BVP_Amplitude,Pulse_Rate,SpO2,Alpha Fp 1 - Fp 2,Alpha F 3 - F 4,Alpha T 3 - T 4,Alpha P 3 - P 4,Beta1 Fp 1 - Fp 2,Beta1 F 3 - F 4,Beta1 T 3 - T 4,Beta1 P 3 - P 4,Beta2 Fp 1 - Fp 2,Beta2 F 3 - F 4,Beta2 T 3 - T 4,Beta2 P 3 - P 4,stress_score_weighted
8.404082808772674,196.20364671612015,3.0895053741278424,baseline,2857916.913697087,4813598.147335503,0.0046760264195611296,0.15597949297564687,3.547820696115583,12.396600717772115,72.33885624325659,103.66824371872748,216.6751494757908,0.006129703733364406,0.07355010341319486,0.042027245902103806,4.197372416940391,154.65928166016138,15.632252668788418,1.1815500363943898,15.478477436787601,31.4478019469551,1.024470782765093,7.131003456015536,0.13813813847438403,7.70681753242382,10.59425198265247,0.5559029249211188,5.710793077481644,234.25751491356638,1559.635212812847,114.07633545032797,3.2995580603246935,-0.03383171719201282,0.12256319785903917,0.8175913920680903,0.4995909515285812,0.6830501663948444,0.09036705397641624,-0.4558667134911651,0.1400302753093168,-0.08809922136941567,-0.07503080410678048,-0.2507878844608027,0.10832698788114453,0.3303999715738004
6.484453828788653,362.9080003828163,6.101211159046132,baseline,2944612.1541786715,713527.5658753704,0.004464443921690632,0.31166850613559755,0.9111999778260907,16.52846264754046,70.67142375021889,60.758101318202044,165.8167279044655,0.04248934224587686,0.036957280976167954,0.24030793273428702,11.510524795696739,181.29259719505092,13.853903527721652,1.152159914281495,5.604496575970602,25.498289462435544,1.2763543041319234,5.091914238104131,1.3453721228681739,1.0783289034337866,11.91297224381401,0.5666201634801666,4.787209843185535,47.670251497236706,2644.669199401325,92.10573056495225,83.81442564069123,0.28544353699107183,0.056317870449341285,-0.013674639449567432,0.6801684356462947,0.6619057633774764,0.2743021710089029,-0.28064643562041863,0.23607533050479207,1.0633220282330298,0.5609641632260338,0.07557052955273998,-0.035944194423458385,0.4239900278607611
5.263667215334751,101.3586313387923,4.482065930982989,baseline,382109.1593234568,3858525.8817053805,0.0042798972646765215,0.3723460435700746,3.5145603203595193,22.78880479945429,135.86864813641884,85.78939568863505,182.92461788584984,0.07952817994221219,0.02168858244062086,0.09631502866848056,7.689885841721923,158.51116920701375,10.855537052614329,1.2021729749037522,10.548288304492809,12.475470222840341,1.557287107900427,12.241749472202924,0.9969669068465795,15.490892318355584,25.57633252686559,0.6045294186742178,-1.380961547652049,282.13715201366324,1905.9806320494054,83.23343318844368,70.60894026349528,-0.001195658667954738,-0.03785898968164724,0.5516887061106871,0.6365557332457162,0.6042052143032529,0.3822302224707053,-0.5708076376467172,0.11852763722528403,-0.4160786920389133,0.7374275362613338,-0.05530511358134291,0.04241874395372318,0.5338529468144887
11.836389620810342,234.31056536735426,1.703413621390115,unknown,2723087.2636919552,2148358.0471954853,-0.0016928606959005612,0.1340648737815158,2.2873888481280322,6.860242691310393,110.92163785698742,200.6774810979944,7.62173550681515,0.03201591643986509,0.030595675035701948,0.43465481475776224,5.471419243496063,140.84259970335094,11.517530303702122,1.1975767114665257,22.05462683624091,49.32354057279315,0.253294198048554,15.375251059354383,1.0992446801941467,0.9834185403437542,13.21128260208177,0.5203701519439901,-3.090724838191871,156.72648188148105,2789.843434912586,92.82589680093254,69.30089052071537,0.13767519584373492,0.17288120640530177,0.05355677818879884,-0.13975127854012862,-0.13396325503345044,0.49102652796774854,-0.2893258633558653,0.02771341314449223,0.5904312256797808,0.1265821216572686,-0.2164881915528614,0.10115093573280957,0.3043702093719024
2.9290915136450777,6.099910230200678,1.6709947360475847,baseline,4006277.7512416225,3863224.556148214,0.003470539736552488,0.3258360372848429,0.2689488112958985,17.372852075590306,128.61068163540097,58.48583277491571,10.358606483459605,0.01718448330691121,0.061395867502771984,0.30704643571046647,2.792474586045841,62.58184789566719,6.277111207492745,0.8919865112754423,14.435348772771947,17.993087717958954,0.41686881518474656,2.6704721483451666,1.3402956388869678,4.264192675997671,12.089229181898446,0.38257672842336354,6.1672242819088074,114.33738269234156,2862.635657784576,105.87351019112388,75.3156511767801,0.3863448411894228,0.21501623224834296,0.6877969485894271,-0.12042707254070271,0.8823826017981137,0.3411255254136474,-0.23154245123102124,0.23068270109040395,0.8761331646455212,-0.010464794214033851,-0.26717660962054895,0.08116740728955919,0.41871228894035556
14.986183954486304,247.3099239525642,6.333526798047597,stress,3805253.7739751977,1601173.8654255546,0.0035581080355622787,0.42596198581342326,3.7199012313999256,9.135346687963294,129.15817781295422,44.1400434456404,134.33604815336497,0.051493310264420764,0.017204991399582568,0.2908113307119527,11.153562906271157,151.21474827214638,10.818051966034998,0.6894972345119147,10.48239170582834,34.196879064739164,1.3371264164817327,6.248892733836307,0.5926650534887561,2.0773262834367507,22.118025726116322,0.3128862446201327,-3.4439375312517764,215.50776048441418,1789.2798359427475,123.84084251714543,2.2945472127576427,-0.005923113198770388,0.1590256810264487,0.5063092948950835,-0.1354820435659828,0.9693616957735587,0.316106417960038,-0.3673756996456874,0.09935451381574464,-0.20739018541340598,1.0679371193038343,0.3386307178862704,0.08105724029969447,0.35728971844486573
16.648171479375453,60.14856028754441,4.123334897664153,baseline,177047.30156549937,2797763.660906626,0.004953898922728038,0.24323773319319944,-0.7805742553419234,31.05620654290036,109.6757806911756,158.73391987029126,7.1092775695116455,0.04977252767324316,0.06200649814193554,0.018804302155584773,9.556659504542298,110.24546060797041,2.164776886405602,0.6125783020294427,3.5957949705713665,45.285718266298076,1.2693554011143584,1.000719131904148,0.16511208198572294,11.802427416831438,5.951203396898288,0.5854764127158312,-3.09384140485257,22.367791867389215,2713.9491919450156,84.38986743482202,54.99516221035079,0.312051859549419,0.22114614903293534,0.16857570787726597,0.13142348369107407,0.5053208723609803,-0.04811597057448708,0.06941227354053729,0.029259427069731014,0.7057881376697583,0.5711518096830486,0.1551982426447055,0.04512578981810962,0.3094866218073811
15.572359313590194,141.37572524777136,1.8373945356916646,amusement,2076969.6385335969,3379694.3016314753,-0.0030152479249836587,0.2832886856688448,-0.48656063686314577,14.254329814100577,88.5023868001309,138.76160534061805,77.74720463400182,0.08778273478013238,0.024733468374934686,0.2098001867567376,11.073607338664445,100.25746364705037,16.591503827752675,1.2552630203794153,8.321339316186801,21.283684438695953,1.185195304001781,4.1255573676805986,0.27119789242346054,5.867005506680281,22.33313402419479,0.1435257253493588,-4.249299777862662,87.53245137828667,2097.0367350292304,134.95202713365174,41.985987561727605,0.13759810461855732,0.05404780138442352,-0.1511132945868876,0.015022352867305836,0.44409930760603294,0.13019052743742662,0.021861327188346887,0.19102657397147488,0.047677874141262656,0.9069940988317988,0.30911113448237226,0.07899450684746304,0.14701533336335307
16.63189773442307,346.4646669058901,3.553499962023336,stress,1927373.9999321392,283783.45951650245,-0.002253686263585291,0.21848157336063223,2.076026783829256,26.66373429990561,129.23545868810803,178.0044431158978,105.23682780847649,0.03194177854929167,0.06404449814230413,0.202372626108811,7.363075385112751,50.11401138916327,16.231919563962997,1.2120072479798765,9.189197494674094,42.04472224422582,0.9990260238492342,11.097392817183243,0.023425995469370138,8.821447949857433,1.5961330079167981,0.5447672956771711,1.2811994466894356,139.38836818358968,3050.582490575449,70.77888759202858,58.1978502822602,0.3153254786269076,0.13761310780358413,0.7913175337892614,-0.11532135491203617,0.5219902490826596,0.3689779408387912,-0.31240677216312057,0.10075357794466877,0.9724277545901294,0.2595338590774566,-0.2701944609937778,0.012351214520516346,0.45380512044510707
11.115527026230668,354.3903628949416,3.1795006956627843,mediation,2966672.2614558195,111674.69455351548,-0.0034911281892146566,0.16081903416867616,2.414353600023787,21.314769549571622,102.3692654008496,110.59895298225645,140.3551166114724,0.02817417293112903,0.005193598501307589,0.3252776855830687,9.56482682712518,16.365844904877783,14.999232045148196,0.4749454533399275,18.60342250509629,49.66164284093608,1.0923497442766708,1.3392059024464928,1.3702489295616,6.920917271700908,15.750122053390799,0.42746656613089884,2.505341864229361,36.294034793899954,1053.0257827093408,96.18658779551194,60.39976466294234,0.24149314119849757,0.12362341245266674,0.5318423928978664,0.5038289086019567,-0.07063707241900036,-0.002325666465450503,-0.32329031523838486,0.12361081148709224,0.2949848349592121,0.23837917425081068,0.23342647865174782,0.0831379198938013,0.2511510577123432
12.115182512003836,330.72402926918636,2.1872487749100253,mediation,4040034.026029023,3963138.16778859,0.0032770663070129775,0.1835977340179003,1.3364291638780903,2.846994500716786,55.747102010816526,181.75584962923458,108.235408711386,0.05778434762435102,0.06502295515257193,0.255039740358863,4.201851125245636,8.14254532266732,7.396431227746969,0.26113397123257104,8.625971600057746,2.40001980762899,1.898708335901154,8.173837331622542,1.189185741729526,8.810399392629336,1.3354956299583078,0.4966823546050245,0.8091307249480822,40.43628838364684,1061.819580278354,113.02101264623421,86.1972426899642,0.1436107006292277,-0.0070027589053553085,0.16966773115015485,0.4823505790210712,-0.09870168200341817,0.45220453069058225,-0.3653233966221698,0.181054425439822,0.04203959011028187,0.5332567848089536,0.08573390846799346,0.1058643338213884,0.4662325197221864
6.975573080737595,128.70877183789725,3.7783978451249736,amusement,2563422.9745692,1033868.1142612534,-0.004401046900942884,0.4226665806300757,0.8350090329928593,12.860522136139869,148.76820169744607,210.51059860585633,231.3465548434523,0.07628193988427417,0.04553916162375423,0.14447828060378903,3.674102269851206,142.45238213249166,19.83178639477788,1.1482878008224442,8.607213944008016,15.658048864346677,0.4638393125235422,4.584750576944921,1.0082496990064314,13.09084320339185,18.363102852060166,0.1478864789175914,0.07811457095620233,51.15813685370061,3388.91164869471,96.98254446989976,47.36145410288168,0.030891217327175136,0.12140677993221313,0.03231191640983136,-0.0749267297225125,0.8267963188488379,0.045212568400705866,0.0011479379542913986,0.13078296013855015,-0.40975186510808054,1.0326869487691817,-0.48109409415818144,-0.01342870672866133,0.4743152099281475
3.1165140978070087,329.94051482998714,6.240333394070214,baseline,3721020.4479055996,577881.220809438,0.0011242970842868809,0.3422542719623769,2.1572083263857955,14.10766885010785,82.25179299563064,139.2549475172623,292.0604337473216,0.053287798152511945,0.006322329067762695,0.07777877107355465,3.2637530911796473,126.48391281805979,4.389831225145889,0.4474545224260396,20.72734242428329,41.72785424763802,1.7041878582265457,14.1726863704546,1.2886756637925711,12.789715212021012,3.2855469532156802,0.6048861751242917,2.0049041167555823,207.07723501680672,1377.699355049315,35.58780504638345,78.10562924489724,0.33749178723580436,0.16087418336169068,0.8044843139007236,0.3132334938072201,0.786971103783999,0.47492951337234185,-0.3611534963486309,0.11342352555175438,-0.36671980190677333,0.9578581263705951,0.295325579696982,0.10451532844527386,0.4135037898672105
6.838600999493695,243.79337404832629,6.318161320177386,amusement,3395374.829141154,4805214.059951344,-0.0024039696445000715,0.45376605545352433,3.195811442750978,10.557208533051183,55.59477402914837,127.39078532892549,245.28243939482348,0.0119822749111698,0.05823633946778641,0.43218726017185133,5.621561905508611,159.24271231142205,10.047070140260988,0.8792909949206232,16.070049065523513,3.586395095738867,0.7288967937285897,0.19070791946280125,0.8735309142362282,4.883713962618673,22.09228313880298,0.09390761884354391,-4.496630039331034,128.8974746797479,2660.632866363441,66.44621884449955,72.20748683377079,0.20549810731779072,-0.07523051820708648,0.3810137456074889,-0.12981735714427553,0.9490023486754715,0.11365612168990351,-0.43370344127011307,0.04715391219761823,0.8723665916390833,1.081418082692213,0.2719337419047722,-0.027765987945171912,0.5104256954859933
7.0539366921818205,344.51283491119443,6.770903124513267,amusement,275221.92506689986,4468600.69770564,0.0003402852315508119,0.4802330463936556,2.88291298587692,22.19838044664023,150.939835404824,168.4015794086918,320.9920045412344,0.0069411244037849516,0.003161564559876313,0.14190315053932814,5.885792326081777,40.353814493283394,19.266260489728918,0.5041288285574613,17.459801132729787,49.68838120821487,0.13369217640807113,9.618730935208447,1.3322317590283095,8.637135058369592,29.875499871532615,0.22956147364705476,4.386032209201507,263.7391886506305,752.2229349111395,105.0198419240927,53.317909841111785,0.36637433791748153,-0.07624495549590725,0.5927447752905831,0.0009393333167311347,0.5551593110272016,0.432941155255388,-0.5224104198627855,0.18992369033995626,1.175946463642697,1.0269834729881526,-0.07288316183738225,0.020379525236083905,0.1484273498996236
2.634246853475311,13.248494587406901,1.8845666361593996,amusement,1214276.1403909733,2481959.9422117015,0.0018435002733814833,0.2620757290679196,4.6152747072763605,32.02575469984729,90.23549691245373,67.85358088808603,317.69650859052666,0.07484735949933341,0.009226904734009483,0.5640906018079859,0.39600153930227444,157.2730279080147,2.6890379720344115,0.8106348194269379,13.11467503642923,27.483899902069332,0.9223977799902623,12.500035922908365,0.05357980154017096,2.8700170931944218,13.515338442078988,0.7189143094294547,-3.8171898902539367,28.173987420062343,3056.5490571372143,110.08358558813181,34.253153855425474,0.29441700493384626,0.039730955642379245,0.1615382815662871,0.2293110116204178,0.4380242683121338,0.38559155464545103,-0.21082184043076996,0.125787078034932,1.2155745456385043,0.2531880498240664,-0.20386675644819008,0.11086922035768824,0.171750700220037
12.947720136823486,54.96993784999823,1.4884720756471221,mediation,3159558.258596348,3688804.2423692304,0.0023347597436530064,0.20981384108715342,4.252297369222163,3.0774619582430356,73.8628452291484,52.433905765344946,131.63290868742624,0.022480853371932324,0.06017738974934055,0.4548619319339929,3.9237508652235107,113.74170350217858,5.6013237662185595,1.0735115498733359,7.056075800637456,49.40439440196429,0.05087025875224291,13.910360112666233,1.2498196761821265,15.23736556679559,27.179083088983255,0.6504780846167713,2.73314296726374,47.41959829474014,2274.4531794846,48.91017270362076,82.39223597798531,0.17843773802494,0.030042950905570517,0.13018584455909832,-0.15960763787519588,0.58348003995118,0.15397255872955343,-0.20411728388033684,0.09895581332639168,0.5038590015215403,0.0018521370275587535,-0.23705597252669236,-0.015770601997267545,0.15643761810920062
16.12937503579448,206.69226821791767,4.918973451414103,amusement,4495882.3110104045,3186946.925788549,0.0017869055956160457,0.31996177640243456,3.147278703872373,14.720279990861005,57.00871956806458,152.77859800431486,132.4415645186653,0.04753713540539411,0.018829710794422996,0.43825626793591643,6.024634641296808,5.15729417121771,9.455547237091999,0.44533887142509976,18.50643503452611,50.05684624407714,0.07801932523005692,3.7999528770411812,0.1567073371622055,13.548161174511177,5.890759002596191,0.05596099560894832,-7.3481046779906345,152.8429725663996,2728.8304685002927,115.02265423586124,94.6493059022,0.189561947059908,0.14717411148547863,0.7882864443983798,0.4628244457604764,-0.125397268471622,0.16686671024572958,-0.6749097203556945,0.006289505545180293,1.418936435208194,0.13880795042653452,0.024303582968127017,0.07333957506509242,0.5421611212359838
12.50751050669519,104.88662050734142,5.631492651429362,stress,3918671.229075316,2462938.141014619,-0.0029389611010768955,0.29793803837584404,3.7134858468744927,22.58362790587365,90.71198558440845,66.82190860486688,218.72926900069558,0.08731145769123952,0.017495404360530153,0.5440043136680793,10.248334811573885,25.831637944226326,11.164823826472057,1.198357138177714,18.439624211730617,46.63522007798511,1.8347927081314486,9.485653487163983,0.3577008639823558,10.742030184724207,4.142728950189154,0.5567771316752855,2.0780617536932673,15.494588999215653,2042.4171654817906,32.7601922959895,78.30796845366663,0.3688555472659912,0.007143351495130988,0.6910400358825823,0.4369586187379648,0.29803599445519036,0.0028808688471101424,-0.07277293890726831,0.11219039761612412,1.1807112000990287,0.11968733081603258,0.004260191820769977,0.13961878699319652,0.4600388684997009
6.665824700108823,272.73390149873893,3.6399442629788687,amusement,2706171.5674249684,3587784.752882795,-0.0037272243987445646,0.4498357173772671,-1.0139712637519263,9.764072305870709,119.33783603024906,230.89917844362765,242.8464239997338,0.091532433045733,0.004085816856291622,0.3018101490251386,5.247998370742075,16.416956569643816,5.915250786655243,0.3270645870323272,17.83301345967074,39.914872887558886,0.45828709846341115,8.662324202622257,1.3086582706177308,12.5396682217558,27.472632248824727,0.6380589795908818,-7.88618127132899,8.817265146796355,2063.1836213517568,33.93407360990609,40.309480509004594,0.24459887282028278,0.21468709933507352,-0.08171181040495151,0.38290507953132785,0.38707617565896335,0.24597836005450277,-0.6155329780343952,-0.0007528663899349462,1.4481135442882422,0.09011537391976661,-0.580335788104746,0.060609327602827646,0.1510301692946102
13.677125051847455,248.2826126214961,3.8643825040848334,stress,3511119.5556442956,1531900.9039219383,0.0008192871433645824,0.331798488030448,4.607794355516566,14.848119302945388,93.57261746359431,204.4513308568095,227.96130223324877,0.092396883818091,0.021379578680188922,0.22549222724951418,-0.11361382653760298,168.43786318037638,11.47506569906786,0.539261725798648,3.62813879059514,66.82921571049114,1.715139185160249,4.154493394495909,0.9093173506765252,7.30696001711484,29.287633683277825,0.038517958291517336,-2.354644918533664,102.86721454781113,580.0725786721969,112.98346079551808,92.50849754468682,-0.04031068353802784,0.050205906313898555,-0.010010181746079755,0.4447344180024295,0.24485537497626328,0.11182043211324094,-0.3141525396865519,0.06834145196175445,-0.18628616880746138,0.4375319190726724,0.16637775698536686,0.0476731915776779,0.5085839856953078
8.16020168449417,233.14029822618343,3.0538481729995217,stress,311495.1323852949,3763096.0126785976,-0.0007886160584012202,0.4535693365964078,-0.7201469932289337,14.779748388630317,86.01276740995434,211.0685021872691,207.93092705326976,0.04762370451811786,0.07830139153257032,0.3788800482868341,9.332942478617722,148.39781865527436,20.927109042046087,1.1244827577704188,18.411945559841172,24.171374107694117,1.4721612698937376,13.173609263427862,0.96288636093551,6.641097154846523,9.113200049699325,0.5456740908576327,2.806076364204294,189.08645400047033,2716.261768672411,121.52602027825388,42.51353178782239,0.13697786443583734,0.09643003532834062,-0.020567939514786117,0.3634230130731293,0.4967246628843502,0.3832402423621828,-0.6588794385029938,0.015149012238318446,0.8495245578021449,0.3899830200055244,0.2072059708348647,0.1399238141098399,0.38391260510876063
3.6751049593695813,90.75519737794265,1.2591239737300026,baseline,3906330.394151829,4648002.465035318,-0.003717541514141854,0.4692572134766599,0.022090751785586112,16.828417304638347,145.0613691611589,8.51486926217886,159.1371576936314,0.07367350769604539,0.026984542617333095,0.03692640089897086,4.531507104209105,-0.13044985706192763,18.89504016545652,0.12614834032115588,3.846163272629917,10.893454987189601,0.011230324685228714,1.811222678481096,1.1557755832084107,13.856783696309472,11.98332624646822,0.44747829332800054,-6.077154248221533,337.9944096155722,1725.3013513525839,106.02077178613943,43.57518323952105,0.0293014337288335,0.094861940492895,0.27467526754692245,0.6775055822076107,0.8667785685873473,0.2962175066535697,-0.3937350730872526,0.12558637803754627,0.8776593720902112,0.23104017725072484,-0.4398430318785988,0.03410560303199731,0.36339163743665254
12.92568127666094,158.53911593421643,5.60695579776389,mediation,3132862.8635695158,905438.2241151339,-0.0032537031790687743,0.3282116758958775,4.545070446254205,26.05420919647128,82.79850893321395,237.2569955388074,147.80268789631367,0.04946915411504176,0.0011950072290026954,0.06332370205892399,3.2548288052961807,199.81166056324923,13.235440266466915,0.4604551095429035,14.51171894789383,59.30059600277312,2.0605347619135768,10.693737133349257,1.3430415560612707,15.410008077089685,3.4055118248993113,0.5753483082460705,-2.220723210506681,337.48528326852175,3132.9067363154027,50.73119077012182,71.71305687614473,0.37701125772022176,0.18290230257436516,0.8511360076596083,-0.12831177850964312,0.0579765273672939,0.4794745129371918,-0.39446885947052535,0.10465019505989287,0.8212818290800841,0.748494437132943,-0.4822375617889072,0.08024762766481394,0.1644370557335423
6.843263287877961,60.453889132731554,2.2869673769907246,unknown,1085258.5871425227,3376142.83935657,-0.004442924477886564,0.1471003400606857,-0.5196669200470806,25.061282241846968,73.17519653377948,21.501112336819904,239.603835263875,0.06228092743061838,0.030617766011313458,0.08744666780171784,1.0764096827074763,10.473271941583581,5.194703648572595,0.88615697176512,18.44258782629334,34.218594788820795,0.11818953676212181,5.995942772709627,0.910801940270471,3.8473426498084535,4.342132253018148,0.241236763416803,-0.8425305937284885,187.33827134401778,3353.576940843392,60.16554674255109,42.29050035578204,0.38536986320762356,0.2245336831924834,-0.006770427553633483,-0.010829597195098354,-0.12999600710973336,0.4400860811861504,-0.5485952631148786,0.19442423075433474,-0.14605525600839142,0.0681836503791695,0.20691535104503753,0.1144826660885364,0.41756531793686213
11.76677293863658,86.64272368882004,3.7655672992341955,unknown,4004780.0074547664,3665203.2057988048,-0.0028018196115819844,0.3157626702514382,-0.8358509440493086,25.34677819685532,127.30605045663228,235.91800498856415,189.84423135225336,0.02013478720421399,0.03581071005352841,0.3408342478866002,7.1221922134298215,70.02568301157294,13.3406445618551,0.6191781624389835,18.79814852957218,10.949498951212176,1.0446176871380608,2.6263265121742245,0.9069394950373653,1.9315904185180395,7.512332655790233,0.09928175579307996,-5.5212772309173355,44.259291019756134,1660.2372920145235,37.828177055879706,33.249026226739225,0.38533096609885953,0.0786334029055213,0.6811060141549129,0.7679968308258772,0.7629726933778537,0.49246315674258456,-0.4483554047493746,0.1258567970275642,0.5350150136498105,0.004919446409446954,0.1331594598571309,0.1195816487567744,0.14607003906620675
8.932384547919513,11.11273183277691,4.6275323539689905,unknown,2946332.926938774,2206559.9775372827,0.0026936960476722028,0.44957677563146237,4.546699066976891,5.0815778149691875,110.90634698780411,229.0836924893652,243.3839133089318,0.026610243658167384,0.05757768750739674,0.44783945811207054,0.20191896701395343,74.34541305351446,16.51674658533098,0.12270933229334091,12.108813436765338,39.12402674099624,0.5745436853554451,2.9660790701464284,0.9057053844487053,11.174422092312295,26.87609816852639,0.26744836932062177,-0.6042643195016779,212.52255831318985,2999.5795976881695,61.35656179342465,11.689577554660735,0.16770372631925062,0.07787462488413484,0.06162796470021853,0.4192068147598868,0.890843248334519,0.23851800948164376,0.037297957572155795,0.06427976650499777,-0.3333573035677991,0.7589236391020856,0.03095858112088091,-0.027400744147039614,0.5406813864767938
11.803675648724147,267.9973093002498,2.0582437062030836,stress,3719050.6037879614,3494931.382140318,0.0009792124130631314,0.22951807196679394,2.2748839859963197,7.074428091508844,114.5912243007144,131.8321109563303,109.37509337504954,0.026245871760116366,0.017527722440005448,0.5809710525988709,3.7523041694549524,176.0039637502902,5.206519881744526,1.0743917642873244,8.816591812920132,32.7985514417906,1.8132934739480506,4.598320683746956,1.072908888751664,11.621599379915251,13.099759043821773,0.4507765549762061,-4.991269126994521,105.93766975220237,1055.7094284298073,135.72961400318752,0.3843694035047953,0.3433690937248024,-0.030950232704243175,0.5594692565371672,0.13069016549361884,0.16264739379428,0.30386903451923564,-0.07878099854532335,0.03464063188987603,1.2780357004289036,1.0422664385148697,-0.0025670138192373485,-0.006755056058220597,0.2023283798714084
16.440405908643733,241.86878386304863,3.631745174418028,mediation,2822402.2529642708,1153231.3187245165,-8.07983630996325e-05,0.37952900054225935,3.032370612165463,2.750391601543787,102.33458170256588,22.177169388553086,290.7081491448999,0.09315452665513778,0.06593805750122832,0.5628328285686418,9.482830175509399,193.5528145968261,7.975702594611782,0.7056528053881016,11.768168031767896,26.907437055877523,1.420162767737683,4.645906229018186,0.6755212117936,4.872761573087218,10.399333397592617,0.4860436574802742,-7.234138842101179,35.63111035423313,929.559865462175,122.04262205596068,12.734415941162418,0.18894152370868045,-0.0765394599141504,-0.06461233316904455,0.032566344402885805,0.08514128378536273,0.32942887863723197,-0.5156942727051254,0.021096144587587976,-0.2679619843452044,1.0026990856482514,-0.5568189270381192,0.018497490701311695,0.19840322599228719
4.784119461036876,188.81618235391326,1.7166329073764461,mediation,759359.2748541007,3525416.9127865466,0.0033260022533346985,0.17294227525711722,3.919103429180405,21.950138324521628,126.84809354510998,50.41403819067871,248.73337510684712,0.06331792759549291,0.06848714212403595,0.04863565645416722,-0.2760839841999256,51.060485677835516,11.655427711222218,0.4890171432760096,14.314416697905646,50.40102324034491,0.6224137725288684,10.55734128942653,1.3873247820737455,1.0138819814109457,1.2796308905899558,0.40880374397322916,0.5770034145609857,270.5244898932715,1150.0343462080089,43.746672645257554,2.5806965544992004,-0.03354501176794637,0.1278142089600637,-0.2438067447112064,-0.02113478206036759,0.8733081281519578,-0.04734431523283216,-0.01151726305645147,0.09794377654900675,-0.28682237811750194,0.9488734540666474,0.31325036817739926,0.09279617665516812,0.41708486075388096
15.385068373265137,318.84064017677633,5.904446423933771,baseline,858644.7163535604,4793356.951313066,-0.004377311221112753,0.13549970449853838,3.461516784188083,16.128784665464906,127.9547094337925,82.67209821766846,176.05559225439904,0.03473999659932458,0.0035182064669823892,0.1437103029261409,13.424787751214373,10.345667763033392,13.49243212991175,0.7258645117689068,10.004353078902964,4.379541554917833,1.4500434635939803,5.530537483413725,1.4326111250029165,13.598573169235358,28.307623541220444,0.7648514568597412,-4.904124788418208,71.55605839624094,1085.3806782339152,120.32363020525852,24.298064230162897,0.30555106205814714,0.004342236914347242,-0.055280693678358916,0.6200187921837623,0.9675144998735924,-0.045098741929586086,-0.026132853790033477,0.18858534877995686,0.9815071004923308,0.7256485923221525,-0.3681646447072729,-0.02193363573611409,0.3822729607952229
12.344587617945969,24.069629668286407,1.7596566193156848,unknown,3129402.531804029,689388.9042756452,-0.0019717395497983762,0.29697455692965813,3.8955298727092003,4.5556645057721425,151.07653805038848,105.23341269392056,291.2892632151217,0.03848020210038213,0.031633962324852036,0.4260896197326135,12.784242036306667,51.02021034854505,0.6018216652534983,1.231907474587015,12.09776067568211,66.14693776277919,1.2061285738454324,4.015474558484669,0.5559727967727321,0.5105979795349921,16.554261163493408,0.46381642341077123,2.190666895878538,342.81847270214473,3169.675789997979,116.33227351960325,61.47449343023481,0.354290742162061,-0.0341673513557241,0.055998376720022065,0.0887736803377398,0.2753482353277833,0.2336510039434987,0.041853092924543034,0.10834980094896753,0.8571783194803054,0.3206041931071306,0.3427067049222737,0.06933426217883402,0.5212465270508493
13.94844953650592,232.9585142839988,3.2808794543606066,stress,1713664.9603074181,1691196.4406947587,-0.004236303233010859,0.17445846901556988,4.240485235480702,6.09214594026032,144.8316883012733,215.88656392523035,166.0720400331032,0.05868888426041289,0.07111990123989176,0.3197813291634026,6.675016694931734,100.20178988938024,1.8627690351468789,0.5269735241597396,14.266161144893054,24.828817026179735,0.9472024650148803,13.245095406203422,0.5844536939102846,13.82050032827241,3.4042487038463856,0.5669560156182111,4.053747760123854,227.20502191458257,1016.7507331022011,71.48283731209916,69.68091115821103,0.033440872009560425,0.20431358788701795,0.6274955923059805,0.7565829903413787,-0.2570345863175633,0.019828702907248766,-0.39913546751842566,0.1787498250273744,-0.10296657896027152,1.0672706092870339,-0.6100134995787666,0.11221227593975992,0.4651453158811294
2.137938830595077,308.8172430646801,6.159990893868023,stress,421986.91387655685,855359.0659661316,-0.004009164935064529,0.13834084887770887,-0.38178977088095833,3.7597317742055694,64.51516305403082,97.4827647306126,242.31254791786296,0.07348159954553371,0.0608865173480403,0.22935761509570135,9.898371924416294,170.9308160472082,16.423359336010414,0.9922540224606864,13.268978548929176,20.063928524418976,0.5175589327786382,6.178397119304014,0.20056817021216453,1.5313358128830605,1.5982775424423858,0.10512535024589637,-2.080367125040935,133.46776138418224,1494.8455399022207,73.68731473121302,1.5883026274889658,0.04309850216216723,0.16625640260284474,0.062479627265628356,0.6244923102277755,0.4522079219563863,0.05911772268117258,-0.5202246951412339,0.012131437433669064,0.5057708204003523,0.826189215309163,-0.5152576084421772,-0.01282466684973655,0.5481513444961188
10.035189932037664,142.84640299394994,2.9975164360160953,unknown,2620621.8113249177,941801.1644111109,0.0009183317078575405,0.2102111163236273,4.216699991821176,24.60241255963668,88.84297097462603,89.19413621480986,312.44585347985213,0.07865605156205752,0.015830942950337035,0.4327307074891254,1.8745097977796834,164.91466894233574,12.959106120613807,1.300443809309398,9.702545010514848,66.25756777853172,2.3439799795215954,5.6948675025254705,1.200130057050673,9.407731066824997,17.03151877993524,0.43785527337405555,-2.2971226796098687,184.8651483245243,3351.8323332806626,85.24934067348512,85.23388441857658,0.2889232222454679,0.0500576567624819,-0.1291090765009147,0.7192788393080651,0.3185066276221324,-0.020763661865197645,-0.6175336539360369,0.041488066699637484,1.1528587765124476,1.0779006887229694,-0.5748787035828156,-0.013989494206646462,0.4801085090738614
7.870557085409056,220.6111901894948,3.911514850262468,baseline,1132168.4426602304,3475422.9957335237,-0.001539134439021439,0.46913494091867575,0.03388675201258479,2.365946357334834,144.6913529200845,232.34270838402384,297.1671477020179,0.022596214966669605,0.051083018417960285,0.20677938438234678,4.164579247607944,152.29253946655527,1.3878845862404883,0.8267949042299707,17.253600427917327,57.325135512273434,1.9179123263975122,8.431382124701202,1.3745229028275123,7.874421197191875,10.390326116546582,0.811119103055931,6.083384578536973,104.93127346506984,1441.1885346228678,71.61696104342586,39.762646631667266,0.24006710157994532,-0.04032403179088091,0.4630555297525859,-0.1568276032523539,0.8301235451119628,0.47868534014650865,-0.18795110292272643,-0.01373984740501181,-0.4021369474212077,0.9023170510383469,-0.5810037579736078,0.12290717096007067,0.4810223522993346
7.56195883456407,281.7978050541136,1.7840575265189853,mediation,2399891.595455127,1932836.600430833,0.0008775961886371699,0.3040644887953625,3.434716232470527,22.843028520938653,93.34507004017586,6.804120579709238,260.93515315951976,0.027089773778349185,0.0035444329196274668,0.1078787617707897,6.878284354512825,114.12989348294006,2.59271509942406,0.9050917723235148,11.831234178672334,16.415558994721444,0.33443230483075237,15.541711365398012,0.37199215351509496,5.629113025058661,4.382570519964938,0.1613265980853123,4.462333015376806,342.7916901860238,2557.410854109821,108.58396833526224,61.75498183790319,-0.04383605967908951,-0.05031376316146136,0.5609282191530792,0.2876493105069035,0.5725869292241441,0.06644309430359412,-0.15504370895696856,0.04894647518086741,0.4170193454572435,0.9963934795605403,0.2957540083343368,0.009636441846433821,0.33052369681494187
16.36745398509801,107.5656650435427,3.5784306662206644,amusement,4146632.964832463,2120698.9652366396,-0.002517184422103778,0.2188375823884738,-0.20001455338829377,9.880426073555803,151.6859535658191,209.04593994594464,4.532710012437554,0.0555123879622544,0.02781993220046519,0.1445810665541219,7.378683484656489,37.98679913871558,16.458126341470887,0.48407146876561147,17.320882518287885,47.408726747619134,1.7686623666546417,2.916615343609923,0.1635412302430428,10.004397030775262,19.497037901315394,0.5650087854867795,7.24896169518265,186.4654513564706,537.7475761166758,31.22469404034607,13.750052638059522,0.01817754233593189,0.004828245877524289,0.3848900243936243,0.7093510541461694,0.45837754629993255,0.1257123387160478,-0.214907633088913,0.07421036391731163,-0.0536958819454598,0.7769613701281448,0.18462394532481766,0.009396829823816285,0.3566197326996172
4.993109917598346,146.09410333984331,6.1071352101107745,amusement,4274289.568735684,1351396.2956955186,-0.0006265078839679161,0.39783062722337764,3.050045983052185,16.496967184984687,105.78465167574385,139.1243628485159,183.5056510577971,0.019732917755730148,0.04903136459079626,0.0945495786848407,13.296462404361975,82.60459968212801,21.475300684219068,0.36232764549779756,10.864553883860196,50.95163274795481,1.1308845421881146,7.6263812827394535,1.2965210442461457,10.340036281335756,26.682584127913273,0.6751966884284183,-1.1015507145544543,92.98206677826109,2103.769396284593,118.19070802838938,49.74766388585922,0.04116982353144204,0.04347295270923112,0.26102479466383544,0.4203169715901857,0.6031353883051209,0.48460353530539,-0.08754161274864601,0.025541540274313185,1.0621878051848437,0.7184700124032308,-0.41028292697680274,-0.011335614802978735,0.4885610135508601
7.204676299917211,47.39106206202432,6.087918214923152,unknown,1676497.4696837037,4068788.6429598755,-0.0005482694589533154,0.13362707810634875,4.003216314336016,18.68709124168003,54.035413165259236,218.35068306020943,289.88352058819714,0.07459547818813388,0.0585423056801925,0.10191548735574472,8.541213035870136,89.41607199236655,9.495158317312594,1.0014277234078344,6.327891854637016,9.661138311860693,1.737265174591587,14.526726208542698,0.2914384862011033,7.260993446389085,26.505421727782288,0.816919372987812,-3.3711637246808888,221.10362108980925,2761.571538798231,118.72246353181296,36.14802644060519,0.04391289652434699,0.14809808323588056,0.5863179339970127,0.45409155874128676,0.3636803252305483,0.4981990286481212,-0.4888027719227675,0.009960197502358156,1.4281908223752018,0.35629604701688705,-0.5233549197987833,0.02544447056047785,0.17175995216822287
2.3776536764507514,79.6592817515687,6.48185346755791,stress,2074706.0027801865,3064700.7677820707,-0.0036488421347511952,0.2444834463552306,4.6448238213837545,10.617456993106108,94.69166687743906,58.53598043632538,142.8862575093362,0.012448873240959567,0.0231342307294379,0.570166715162217,10.041098052204358,154.8825107247695,7.691142683707025,1.094711980900392,14.43146403686589,40.2741135431654,2.3506758790588305,9.85992300769014,0.4755220635880652,5.739480002658951,11.740570414283937,0.3046758682709235,1.2721746712770416,65.49467719546202,3394.805878339673,43.346192370579956,69.6704402769726,0.018641345209299533,0.15146806771081886,0.5817025782829767,0.43114501988545206,0.8525218107328809,0.44328814657713383,-0.47078912267653117,0.1431238146051505,0.4639156544638563,0.1609728372033876,0.22724367590993824,0.14021021390275235,0.5226465730106299
3.7813644514906617,139.05604802516402,6.3245656324897785,unknown,2387551.922809238,1963219.391408703,-0.0019216249145732822,0.4012031752515105,-0.3168835114658253,22.080785058340318,149.42537717902616,113.1358841458508,99.28059586649769,0.015141092105941566,0.004483059044318378,0.5000707122344299,13.66336894308412,34.212713702519764,5.212045020818019,0.814367740342196,18.22697679052053,67.08621976767802,1.0698666258485061,13.570518431511864,0.728542426127524,6.807703323852695,30.740636920496804,0.2490621239916535,-7.633049228746667,292.1407589492084,1058.898066147465,84.06562701466991,16.84254445899337,0.2012539796945599,0.06774541290512372,0.5363227878416482,0.26847362764422433,-0.2132351574071968,-0.01834399677345285,-0.3555743510689888,0.19814761266799402,0.1560683167181755,0.9035407722606211,-0.25347589309448926,-0.0011265049706843365,0.3017133789026849
15.569683741607,33.143184547098855,4.497744742040483,mediation,1753171.1460161884,3057960.562817272,0.002120155170585151,0.14560134614877973,0.2879614399799166,18.08879408375004,75.69109764981953,65.08899208802528,30.621532153089788,0.04869441104764948,0.00246689564743073,0.21141097801602377,10.686412290671406,137.3413253535709,2.787288990723892,1.1728464714568987,8.231023254273603,43.9035219440301,0.753288071421624,7.144599506714695,0.9577868744881161,9.65923593091595,10.671703712032887,0.32189616794263753,7.0490997584601365,46.51209375670409,1768.9393338970665,73.01150691585923,15.373942183849149,0.15703811159729586,0.08101212165868987,0.10833811557551705,0.5860952524197408,0.0340474528457608,0.06306802742388262,0.026879305930489233,0.10428821419255775,0.24064845905382692,0.7845759171076853,-0.264325470377448,0.05789116394362463,0.35486340388304793
10.378501469452774,40.95214089774447,5.888416646448144,baseline,3799859.295676146,4217541.520084067,-0.0007717458238623603,0.27742794858897146,4.347653825755567,13.732852307750331,147.53209387963625,24.43695667960026,317.6115229013908,0.021520260997913165,0.033311869422035824,0.049986159178967725,6.24202088750504,134.95993720818288,7.2994370338487355,0.4401590451564822,9.568422251840442,56.944553221486025,1.2365233858361957,7.192396000821996,0.37292409612594946,2.2551330357892385,24.906157053780976,0.28830401926381594,-5.0268960041729045,159.39151041090574,3081.51034977174,41.2481673002561,56.14163728160116,0.31213068322986515,0.1880615442331391,0.07725802309763524,0.12400419697056747,0.464304400508805,-0.05207770587131868,-0.41404437468971494,0.19530028278549494,0.9372488837463138,0.986947857563705,-0.34889037935600703,-0.007064207575336042,0.3659415267496735
13.002116305230619,322.0122288342219,4.371937407415446,unknown,1325757.6156125844,4085867.3880385743,-9.089508826991917e-05,0.36589394869118924,3.531775633018175,5.601451865822219,71.13042340153298,236.92068607620743,238.54646825216284,0.023175493856430588,0.015833455128194066,0.1996462824026592,8.53396544532102,137.3388043740796,13.551711518400332,0.5305170610505169,5.921110478292207,66.78937863535234,1.5545933822600684,12.414448121099992,0.4942940510431315,1.565157464703454,7.008903525406933,0.07898586142362395,4.296245255043936,148.36395671193736,513.7239027792351,104.30545720317,85.01348594566254,0.10971564413204192,0.15632883213727358,-0.13617432871648574,0.36540364657676383,0.40686312194071916,0.08178360780470442,-0.04201534837436473,0.19589676950257365,0.69026465825454,0.8354905298273079,-0.4035282353110173,0.09718669992900196,0.27522390658871815
4.9788718278838475,16.307155770819783,1.4779393920234485,mediation,91596.70310101204,4757330.283493301,0.0050267020507146895,0.3892552835153649,0.5543558443687288,16.852347246401663,48.4602625416658,63.0247959593791,235.29992192484883,0.021530446028860395,0.022517152635583113,0.10432813446621275,10.34641090959939,53.47678331154905,14.809759582030306,0.4135858370345113,14.544717367948666,17.42698255723259,2.324365173632215,13.59966448718852,0.5592077949906004,10.132585447323411,5.785628021225653,0.21527596939129884,4.948614066235134,107.69604564516841,3279.6501757390515,99.2715545049732,59.13178441635331,-0.01733407536311047,0.15129751778553688,0.45301427414040524,0.3166678220992254,0.8385360749350088,0.3839933028764348,-0.5288104525560227,-0.015735842618731226,0.31470564024081654,0.44262810943902225,-0.04328187383636152,0.04969508413032289,0.18274354707888874
8.078077610397337,334.03391706622557,3.509018225350249,unknown,348684.9275103169,3334920.760511274,0.0006797422458949828,0.12367331290497319,-0.7559571538933029,2.771797892487166,135.7855751381823,200.39858610851763,122.2939253904088,0.07006923716670065,0.06640682044244989,0.3365096145195283,1.33940128818105,84.78719846374331,2.991138401034594,0.5384096151011758,2.7252639598376236,58.65222673199252,0.20981736987908386,0.7168789289601967,0.3274361060239386,2.1121158798448754,17.959404474509462,0.5242793553833076,-3.9731053513899472,157.3889169441575,349.78289020092984,113.99914350487619,8.814802572730873,0.15652935286038167,0.11179555663239371,0.7902746370521575,0.7747473193407655,0.9096667496848065,0.4667231578873597,-0.006993145005632687,0.006827245122970639,1.1454378370125873,0.6910123881865483,-0.5528098570591117,0.13737899076736962,0.47253787856471746
9.849306928216844,285.9603044395615,1.538429880018708,mediation,1510016.3394378175,4209516.00700214,-0.004352507994592508,0.3022858781746404,2.1854643435937544,7.435739069202522,53.74867532530339,184.2484615724355,54.797124033224186,0.005719375988971981,0.061096875139989064,0.22010848178854933,6.577471565398749,152.08684762092835,9.848996208844795,0.35827320504509236,20.857371437867556,47.71711902528312,0.9613924804152497,8.850344834011647,1.2310481012295222,5.026254897509297,1.599794470085443,0.08715214548664801,0.6977313296835849,152.61466376174923,2804.9241732949836,93.06852129929747,58.540738993943506,0.1963135842935154,-0.03050870026654372,0.6144974742535502,-0.16452855477216022,0.5150572858061293,0.0749085003146027,-0.5264361386203363,0.10104403111453207,0.17458680838578053,-0.08241620350115073,-0.6378674658950884,0.07717606283350868,0.27207852920526115
2.519214747830797,163.62989859883794,4.008058375751818,baseline,4688750.799548197,3859250.1254700935,0.0038222410944510044,0.4654165476697015,4.312197852166021,30.035370598919723,69.00529205437381,57.37245052457766,6.467314243818414,0.017218309850292223,0.07882894758520646,0.34058789891313757,0.3017423377730445,26.047223855355107,16.482232610908003,1.2704361476862691,20.349016817805715,20.633278382106777,1.3631156666256299,14.6159907962011,0.7416592731375944,9.712838911466571,9.71600199352102,0.19839922711694194,-1.261978217438282,39.09356482082447,2298.9386828017273,110.7621116085528,4.939124307776115,0.33993197225072813,0.001924047363221587,0.5631576163308812,0.5087492506681216,-0.10186695639581574,0.2842640357493321,-0.0751920137741196,0.05454988381791891,-0.36466001757405275,-0.051257110263049015,0.19506522626863992,-0.01474178055030156,0.16680528440280157
14.988884771279864,322.6427612516056,2.062791606910221,baseline,2802545.787757743,2253480.145496921,0.001414746424896952,0.19802782380930378,1.5860921389073832,26.17790386044315,66.49268355507913,49.200711367074824,216.47708414178743,0.06453434988498441,0.0023731267183509496,0.008732131802761209,7.5542432403437845,115.94934778676172,14.480816721735973,0.5989204797128577,7.987297530340195,22.367737996241605,1.5280226688269052,2.9768260745000124,0.1765512270996627,11.617997507234605,23.431811384188215,0.17598126355884097,4.255427448226817,81.59431780621959,1493.976412560419,52.6284382818208,43.690235477834364,0.30688706666632254,0.08837118364370858,-0.04584421005660399,0.3977891077597018,0.09042644596426164,0.15731968667332447,-0.4447862755295715,0.10916769489548869,-0.29045666900581396,0.04034751108506422,0.2295515144858355,-0.029382743776619858,0.28533211014354015
6.675493034576455,21.26596336596466,2.6015042350054873,unknown,1534745.8668171081,2918289.7395752706,0.0019658976241265086,0.19440947373562437,0.10582701294550241,20.809689563172483,140.50947260433793,155.91286664074454,257.2185049460649,0.08662642722015426,0.04077744117529299,0.1120022401728994,11.354649201263008,169.81885964418765,16.566922191464496,0.1538093739811681,0.8194126354363096,26.65836918369484,1.3665135053035404,14.894818601765003,0.1379720884101077,2.9817131215723873,17.098579410366423,0.22807210729139168,-2.633240453559354,157.4212694709514,3220.6591141999306,93.73633388257626,72.61264724689461,0.3083059968323451,-0.023284654367467603,0.8681124964167258,0.2911893155109158,0.021534254842745043,0.38108605936623535,-0.3839457976527976,0.05295722395245496,1.2289124613254294,1.0937917576637706,0.04196474090219527,-0.022927250154357755,0.43688471975795207
14.40520795037459,32.36875354344681,2.1590112050026935,unknown,792909.2857803424,4665720.883437286,0.0020227809872061277,0.35322174313024246,-0.9261747388943078,3.103284337000977,137.59588324505467,169.97656405140953,300.1910182265791,0.037045892290930645,0.02454857754636503,0.4461787340793094,8.80958774526303,92.79801659014137,9.723247051428693,0.5499672215372494,20.080053622707084,25.85671894030244,1.7576480606518061,5.444406640791945,0.08668468031964532,10.580006539300555,28.49712983119148,0.7070547988660388,-0.7424333999752913,70.60637839870671,234.166670023628,49.83559640214889,15.37727752324707,0.11692054884627318,0.07147464330103699,-0.07097110731039218,-0.11422380714851463,0.8314680271248058,-0.02966203050565145,-0.6652480959056747,0.02377383434940672,0.5931854242212261,0.7229139895844906,-0.12343389596627341,-0.01891979451644479,0.22268846199780337
16.926245666325663,298.00252556774296,1.8322065328263941,amusement,1968926.8691281592,912300.1820358817,-0.0011288183415288902,0.1944063572598007,1.6218480759439453,7.3617846301667775,93.37902725017192,81.80961725360528,239.45801872211499,0.0453096672881304,0.034044872803123655,0.2889107558505002,12.40850336694611,153.9876835533375,12.471490426211654,1.042653881385796,15.836788959314621,54.74043433403766,2.082769013459839,13.75856664801537,0.04542111876995936,0.9762424582200339,18.932183025597393,0.4245050796657139,-6.798881399768775,133.070234899009,1443.595977454839,95.52319564844956,74.79495566205516,0.14424850152113536,-0.029819701899178007,0.5302976984688782,0.2852001549795626,-0.09922092948099098,0.3100366309404331,0.042287783282937766,0.1251253744327102,-0.416446525377407,0.4532162551832149,-0.5721074261503751,-0.007632632806357952,0.49945885726613787
3.5221178101827633,189.08871465272725,1.1522787667809136,mediation,4309945.538427253,2843044.846242107,-0.0022353366979822836,0.1402744281543517,0.12434636778847938,22.166308109622125,117.52053628492848,157.23657486427192,144.12772149483203,0.06147520084500403,0.0436971130453129,0.34242075135331057,10.233283834991791,75.70315698772446,2.4330448574520176,0.9086927119185668,13.499360126160672,4.417570018854933,1.1864936727389945,11.28021922291382,0.03525641909629977,1.6324513941535657,3.5933908682729956,0.1471702041303264,-3.6378397946451426,55.71161969803603,2528.8012976217215,134.90304749318244,84.08721274352165,0.1049496365935467,0.1474332484880444,0.051910682477292185,-0.07264161003601571,0.835626548446087,0.42224891016699634,-0.45840211019892135,0.006864741498713747,-0.2183265319296893,0.2926759788698977,-0.12074235425558802,0.023365621418008988,0.27163677860856417
11.000583663171438,86.3267186335978,4.644186155473088,stress,3217013.3542664577,239471.68664558974,-0.002086029865836229,0.39745876882425596,4.3250236261913715,9.358825740864198,73.43716182644486,234.53217040783633,240.37418736404823,0.06739532743702975,0.06068302850010492,0.12773350885687465,1.286294067574055,53.11882016916708,11.134872888136,0.4318850839663321,19.96355684752102,14.69265985051993,0.6746553794219922,11.637052762983297,0.9880791310461768,12.744896270367981,5.924036560337125,0.7429385980505846,-5.1052168045323,161.57352140174055,1886.1562744316432,41.78050124789867,64.2281212380923,0.189726964804796,-0.030052401753966267,0.6457402169695898,0.6866606113109315,-0.1709384772575204,0.19298411819914202,-0.4228984145315807,0.20627625160659196,1.0474347046425436,0.8329484023971065,-0.14291493296224692,0.11215355265198618,0.3627860668258179
6.622844726989779,344.5732205393314,2.0133043946644147,mediation,1278752.7675847681,1145313.029100387,0.004031027299083578,0.196119394557854,5.373135193089999,15.103265825668336,124.04219979904013,143.0112430008736,278.033879375087,0.05863340440717942,0.046282818635054866,0.023232046582385573,8.43430002241577,60.40233920536198,21.310968966630977,0.11136988268772122,1.1198920080130395,30.29442125020212,2.3246614851107177,14.81399717874801,0.9857417624937108,11.958997972265246,27.76467764793921,0.15933231992707209,4.009402272267507,29.524972939014443,1082.4834943337744,122.89591493547448,67.21695698728763,0.19799061751710537,0.06678726135202638,-0.07616545198072064,0.5267365507998886,0.29516726305938507,0.30786727196909813,-0.5788031704037895,0.01756119809881051,0.6890307218970381,0.696599410525375,-0.0516338775373242,0.11544484684260371,0.4069728551727486
9.707117753829289,75.0255197125884,5.647259408290795,mediation,4011577.340745849,2873586.21047605,-0.0025065977541292037,0.3910502227299505,4.924277306555638,24.487657209757643,115.0666039593101,9.986740024899108,287.62301134465446,0.08985689889056644,0.021485958158699768,0.565671833852193,1.9053198825018594,30.890821068383648,9.464319272102138,0.9552785556677291,17.57975563995686,32.60850588533182,1.2243002607117865,11.633641034422066,0.42735150139045586,6.387350431202408,12.05684527244555,0.5279565720035361,-0.7505113166003983,227.4579108128328,381.2615914667998,88.4440698293167,21.778294337389593,0.28856874379729186,0.09233416006918528,0.40553198888677894,0.5969528705722529,0.4815132665139575,0.37461763680607474,0.0848893491917762,0.04283125993452498,-0.2617801904030142,0.1494001954112774,-0.009156973349175342,0.10012811536452015,0.284744619643876
3.1373547674360127,128.93541219464817,2.2619533334650566,mediation,2568304.260325263,1361618.9975172488,0.002424310167884661,0.2927796821590114,-0.733726103914232,4.731911261126302,138.8656403830521,11.70116578458379,45.70995387876467,0.040384962523542324,0.05848046413461281,0.17205938887837344,0.5626585962372259,194.07047015112346,6.185476779345365,0.6484911114217783,1.5352950991929692,33.09980993117675,2.0741876226499874,12.96573333898081,0.7526876932905412,11.443050442424779,7.6702015357834865,0.21305923091797796,2.9167245988988486,47.06923538120316,3309.3020294074013,88.81104446012517,58.91048674099637,0.14139433781316607,-0.07584929240242898,0.7502115083624874,-0.035859070736333126,-0.2945130592483587,0.42091749390032374,-0.11016393869137758,0.11751097272273056,0.3543385350753917,0.04824727966079967,-0.6858538765206481,0.049357978560444625,0.4719960990962701
16.346158424444056,245.63953981186478,6.3356566299959844,amusement,288610.33530290076,1832877.009646294,-0.001963227381077822,0.2766901261748157,-0.17516583266586971,14.941983388179134,61.658514034691855,88.56351092255426,58.11390122735291,0.03339839154387549,0.07283010458267783,0.3584721070359843,2.7668497314149194,42.36214032070111,7.854749467392434,0.30022574844115624,18.41286600799679,20.376674462116327,0.8720808315227596,13.153609917428506,0.9201278189363867,2.862097813645457,21.931641737270184,0.3792575402934291,-1.3836945869792416,134.96688352866545,251.75614428692683,38.92529484805793,68.03730018569885,0.00992685460253914,0.06413995424150919,0.8437600896097991,0.5933167929074163,0.040882074900547904,0.24878693348809597,-0.5628357656825108,0.17649365823985672,1.3539636482420763,0.268317731669225,-0.5664241794056141,0.0398647510319006,0.21106894271245125
9.938195479504804,329.4683277678381,3.691149482634011,unknown,2218018.4616974713,2396334.7393811545,-0.0011475541560021139,0.4426691686984575,3.2477149079561958,14.421822870094525,70.74706063169191,228.62946041250925,321.895065609863,0.09281198332282595,0.042998210944458284,0.1490526896100929,9.830788486203954,61.558600608303124,6.252299689468888,0.3963502238502143,14.880869171677698,52.506798528923,1.1682474076120577,13.176373520838878,0.725784542906906,5.087262966320727,20.350000745969652,0.1808295153373701,-6.5066205723499,327.53486508791235,122.3199360716433,128.6625894875414,28.493849629911047,0.3650365608600615,0.04248985546846061,0.5211375935782634,0.6264850050009623,-0.051929873739945426,0.4577327808793717,0.015577090763442176,0.21351720124144777,-0.23452230465996654,0.5491762460294759,-0.36299014476585423,0.05658140252045567,0.22740707897891646
11.42348432162646,86.359525468187,4.578544166655945,amusement,2417845.9209966245,3104722.5303094294,-0.004194127505745912,0.20695510037838966,0.2541595340035376,17.82520845404168,70.32624613653668,125.27191622869312,254.1783998875231,0.034879564262775414,0.07221266799111456,0.4306744446422393,0.09977808252054705,37.99496792712098,21.700905409497636,0.46922851276291905,4.655748896937233,48.12811839603439,0.1653392486291051,7.604858278733235,0.8992565702197449,2.326961877396067,6.940700738061581,0.36316591777608226,-6.64488031943073,250.7903638609806,1189.593759186289,78.89058435062168,41.017222655125444,-0.0018683699706029525,-0.02502494190440226,0.4183777181180586,0.4516019666148598,0.03431898210861083,0.49633161459494485,-0.3683090874592453,0.1727491111907825,1.024273699182021,0.9625730467495319,0.20300121240210278,-0.015810537334148736,0.5417920893826287
12.34840032023192,219.77289020698262,3.2729788815394514,unknown,1108090.043201434,3458341.433922525,-0.004231265621186227,0.358888763480355,1.027065781441184,7.760722928151878,55.78630767501981,32.25534309554609,311.3127886606471,0.03261875345433638,0.03531915772017629,0.5484992250791951,5.577442049907365,153.392762656294,9.21698555780108,0.1255830783402035,3.845655598035698,55.996275531841995,1.3614699033273632,8.236265793601733,0.6292587809723051,11.157147072402205,25.868465151951437,0.1485943285031715,-0.15914362057220405,195.816249301683,1250.0328717373723,95.24322386965068,84.35038195210745,0.24225751115045568,-0.05293015099981525,0.23030711328677964,-0.1565405877866095,-0.02155228221419356,0.10766956787816569,-0.10605636663326201,-0.0011565034896639137,0.017091572300584796,0.6132799134817633,-0.5391276301208503,0.11084522197377149,0.5364685937692485
5.5242200405982675,90.84922934778821,2.7706306644111214,stress,534018.4396005295,1186119.8870579847,0.002279565090229401,0.12361149509881962,-0.2723269659124149,28.671091508681467,69.14347966430894,89.66455078637445,225.3786244770852,0.004675029134510533,0.022649859799295076,0.25615576514838573,8.34233805826298,28.00888021473256,21.556666040784535,0.39808578139173056,11.024192791836525,24.007967059487775,1.937836499621973,15.596978578954538,0.9484658236496388,13.203658210333487,5.261684231518055,0.7643482180746043,3.4251167189669083,205.5649801348209,1177.526858913455,119.3826002613166,76.85337284627965,0.2342984033039523,0.07465199459835324,0.16255085467926553,0.6113843196307197,0.06789255472227679,0.4208939412753966,-0.38024855904287197,0.07009543847235462,1.378396966967065,0.24511738123671375,-0.1682894801151799,-0.00030598137420894403,0.427286653615011
10.910174525775316,202.85383111588624,4.757282496646705,unknown,3441579.1263873847,3851945.642086031,-0.001860248165192335,0.41761797581517873,4.877764630592747,22.729226172529557,50.21602705912689,44.882957491920706,1.7973969067068236,0.055560427805406355,0.015590245548869095,0.4976606403215972,1.1078164452715193,101.81770959305186,18.01617525640873,0.1520396414652463,5.074736947899974,52.835314270088965,0.34351561939336045,6.766871549189124,0.9759303252375338,5.850664435715517,27.878241412923188,0.14728074138915861,7.105130998901271,33.18597780444981,1840.6793080452874,31.657851882334548,30.379188762670225,0.08749729133539506,0.1965319654416885,0.34697541196767145,0.5089453482839071,0.4699199125314672,0.1994266988790969,-0.11504401319789702,0.12529403528213215,-0.21740155411554093,0.29837982475618724,0.33056110148395546,-0.02328342560444448,0.23028013959865676
2.0648410020816397,149.74707029444772,2.56985236087667,unknown,335588.7543958426,3713649.8072217107,-0.0030313195498706496,0.4382078492940646,1.8719214757553264,15.722932421882472,99.98535703511978,179.89098557367524,170.87666193555333,0.09116463716695514,0.012497156769937946,0.02071887832482591,13.326669235166323,149.96389083493455,3.846821799311755,0.6226887660936384,7.397901672411676,36.91301863500863,0.18345387380177852,3.8802882911342906,1.2584164802692088,10.744614178523095,17.131957786952476,0.22899446418776287,4.444554932874393,142.54429421165884,205.31442823418982,52.10807928108471,76.45513494707097,0.3219654862997699,0.13493955141240113,0.06199951778849534,0.2797225858069122,0.510790973033248,0.10956730032748487,-0.2754176708823758,0.05052772890027596,-0.47928000992194203,0.7516180111180422,0.06863779246308332,0.12844069789294926,0.23474088267625834
7.356381383108749,180.05072951233285,5.101473204465703,mediation,1864105.0726612334,3772412.980265147,-0.0027934586597054985,0.14050951160133363,1.6653763249407993,15.024679846952228,97.05176795234158,65.15116399524088,199.95889722681744,0.006348589587004074,0.036916829946333114,0.40903008241770084,12.37905905212594,108.04130269876572,3.6840446462510665,0.8308539039498999,3.6005831477062533,52.991223631647934,0.8732146021583892,13.124873047313567,0.9252983527965788,3.7861833083292313,4.865594022064485,0.8128024127548001,-5.577926762009437,86.0935856778429,396.0794731478992,48.10591431525149,10.963555681722507,0.0778998256154155,-0.023689648492509256,-0.23008892737740771,0.6538179343655959,0.7186879243908113,0.30710074563686296,-0.05988962635615638,0.1305489247014668,0.12723391324275327,1.0821624003114685,-0.13932892982875963,0.06643844710522971,0.32872237190801634
8.066159818592144,280.680559860755,4.451007472288808,stress,3889477.0483978963,969631.6740539451,0.00015987711812526519,0.23134340955871988,0.9016939662725094,8.212253770972842,128.5866483424124,59.05075838787186,298.7313365237412,0.0605551471684041,0.050352792028157144,0.4357091235525921,6.088031848115888,176.2675783027808,18.417977397969665,0.25537802111014285,8.950134460793116,58.49678363616715,0.4954654968115464,4.0309420285888855,0.8708437452299336,4.413341270740842,14.907075929820572,0.3168758103296443,4.018707790911298,4.187334741844977,2051.866064276281,106.15414531831209,36.8141521706127,0.08348968101214753,0.06097493941418378,0.12537472000517833,0.22132469854217396,0.21946426091573232,0.351845390535739,-0.1252805705383228,0.11478018581989058,0.4212168504660072,0.9062499793522837,-0.005985247804724079,0.10552418277703386,0.19671217193705132
3.0146272117716446,235.31434922956504,4.096970647729458,stress,4797204.647817333,3428087.1996872053,0.0016034077424289595,0.2837047074126956,4.2507978554116015,32.39716559720527,54.702955757530674,111.84554095013084,55.41203535394848,0.08782148072321252,0.024727972698000467,0.31275156531138654,7.684498374438544,59.60246989474225,1.7600428968856523,0.4714513330262724,10.843878003297169,42.23484587774434,1.8109891675075758,4.3439421997844665,1.112256230541106,6.089545759388201,16.856845752763228,0.5234835312922294,0.3931119332286366,142.52566726551223,2241.336802006104,65.16184025515349,37.60199854881414,0.3746882677736152,0.1588372456990302,-0.23888756507162826,0.44459170252234703,0.6493591412446201,-0.01638188885826269,-0.2001474248136235,0.11442819811515251,0.5195626272202926,0.8727739781992653,-0.6585090684979603,0.08661830250837346,0.4835860172473022
6.631224079834797,181.07640628745412,3.6791067934154613,unknown,254952.13353110835,4783147.920595736,-0.0008566979720018929,0.2178239493653227,0.9675616167336085,5.4146070948221725,134.01705414302623,225.39083159116888,194.6506348240327,0.06630345413319642,0.06598091293227518,0.35715079653412807,5.981805182625441,110.9118169176439,6.478471043516112,0.8193654259181848,15.887436469511284,13.638547370947164,1.8525012168595185,1.8811285796209773,0.28809960833030274,13.670009144950727,17.864489274001944,0.8093958764375362,4.059867012902112,46.59007041340233,1938.5763469664203,89.87570569174218,17.567001615639192,0.19475866135918257,-0.017774071326993098,0.3558916681805368,0.19407580990777157,0.5748660419279084,0.311333622940037,-0.525471888762305,0.19082669827091772,0.6144419556013753,0.7628502482969439,0.2699602835069335,0.03448336889042804,0.4053942068517806
10.09925698835013,192.19881823615478,6.699800821601025,amusement,3165908.598698085,3928825.18441758,0.0016564260821364232,0.35025782770897196,1.0710418935332873,28.804138060329787,151.2531588575654,90.17449019371152,218.59313289972593,0.07876763213491222,0.029999663558582405,0.3225611521114173,6.660999003861459,159.51075591884282,8.318986112759744,0.908314367400298,22.40772017259879,34.233643002748444,1.9731381014157983,1.3102182450680024,0.9402211970925544,7.876832297804879,7.81760069593283,0.043398262925241404,-6.569735722326888,197.2280978850113,2364.7852453801324,87.77912730959939,43.858450692116875,-0.009554657032621872,0.2024031103899262,0.3538959194113974,0.264175623065912,-0.264570490253036,0.0032351585448084086,0.020524751339776937,0.20600082438635264,1.0533637990092513,0.3680302988974914,0.015597987493352521,0.027384984772852373,0.5282391324413982
2.3265402700325977,203.84336604625523,4.941855491140459,unknown,2832740.154934327,3573339.5556100253,-0.0030642726040264324,0.35739850393590544,4.999456128049928,4.7632240606654275,130.49381002974926,216.41483508599075,301.4325637755323,0.07896258925743012,0.027086749347164887,0.391881804873274,2.1425201358592667,43.18834349716777,21.038016035308388,0.7986602571259153,15.824450900260674,5.826695799108039,0.26246607665061944,8.884285628280331,0.09402978629090959,7.232867398333746,10.502132204348687,0.8177246038259706,-2.029142141393622,134.59395088302963,2214.6512011308973,131.0078756676753,84.17199894177132,0.1964142227457413,-0.06701806335159867,-0.0010945849477217472,0.37061130612218324,0.8626119524459802,-0.04804492722916655,-0.6591225043138808,0.07089592528850848,1.3161812086367712,0.5124592180672752,0.16851707824840848,0.10891432016216003,0.2766260052144675
6.983758524978091,341.08963029849895,5.0105215532949146,unknown,1519594.3250192434,3878880.059725754,0.0047249301911207915,0.3111830597429021,5.442886120963133,3.8841397336724137,83.38745571256302,126.45319884371841,172.75413200482117,0.0635366078940888,0.029734908263872938,0.1325020226096497,2.8450096772715185,176.92717708127026,14.639595495475884,0.9587502586914887,20.28235289589017,41.84934405456529,0.8894695926109876,0.9953234638955905,1.3177251564844654,9.426691627364422,17.580269225924138,0.5204979982262412,-4.093878776689938,96.48836946654305,2482.7811696140434,39.68631892399894,44.32892212727042,0.08807324138270882,0.07277955420722516,0.47648608073013704,0.060275452394927626,-0.07326335948968733,0.2757199818199741,0.00975833527156919,0.09849354520603837,0.08994711581762574,0.779879648809808,-0.06547715616984531,0.07367033791593401,0.13811904804287606
16.166013702580745,247.65947705129602,3.994796161888998,amusement,3346492.55102487,4112979.2315239264,-0.0031998812540646173,0.19544712170530787,-0.8195947384976567,14.673571906363852,124.97205479312058,184.96181963546343,49.24595494621651,0.02996819916454702,0.05977714968143605,0.3179425467618705,10.156957948409179,95.20100130970181,3.1346903869013225,0.01590542073414426,7.363179329812377,4.072446270574102,1.5553760176876699,3.2059671130792844,0.8560912707095552,14.772208141672694,19.99095605444112,0.7726770795551373,0.47912159107209384,59.69277463814897,320.4810128703975,25.806281342983752,43.89380791439555,0.3518629330651053,-0.018322387928960057,-0.1860786923285819,0.15314543957121898,0.024368583967705915,0.36446256235459373,-0.6128614632577194,0.09751730028500957,0.2637765866468542,0.19046578465966937,0.34012844589585756,-0.01611932324362889,0.48564890442470665
8.808367125163056,12.69006065299933,5.0699075836095595,amusement,2904285.6794968927,3003101.1828877474,-0.0011928172709624947,0.3672851645202468,4.74631449885816,6.183693667949186,123.29679525570643,46.959903649970805,273.1762133393446,0.09411683038201354,0.04929279270731421,0.1303685615901041,0.48321149696148713,140.87661769959143,3.308659425221244,1.0879478410127867,19.572733581203366,2.9596058312548656,0.5286089973170454,0.842323141904559,0.34183792260762574,12.455132068075956,3.273320410718227,0.7571904523953783,-7.5848291783435,16.08349427827022,2957.3617777041623,69.78295689703053,96.60802679937976,0.006824347089274576,0.01249348965633369,0.07948053136314444,-0.012183105670066238,0.7483204106050685,0.39152462565576945,-0.5670709923577735,0.13349029823090489,0.26518022220257886,0.15234895586823596,-0.2336123361986323,0.13099572272122603,0.1444529361805738
10.213016150790438,225.18374901462187,5.486285776358276,unknown,1541021.3561165405,342874.04860468715,0.0018621019531341973,0.1956769906133033,-0.8871543376960517,12.01181443908132,107.6870314655821,196.96513050849202,121.52322037778052,0.007162589703417634,0.05994691537356305,0.5436197338078653,1.5211852695567667,89.19098688350446,18.182255606312474,0.1732814328845725,6.949960604310273,47.94906764526619,1.4708919449774553,8.97278657253632,1.0741886792271043,10.827045588731755,2.7167306983618316,0.7393624264810637,5.823315641797039,66.54796184381362,2112.8356586346863,104.39430394840184,39.426634938060374,0.10014131315689878,-0.07810965652999881,0.6703485856969393,0.3471026686247765,0.19641218717065173,0.11504339464872906,-0.27599370550507385,-0.01489206133059998,0.6981487301752763,0.44063386471225785,0.2887715496701656,-0.017648362141922884,0.1872905266959523
11.380172866372261,286.4122548321165,2.2649312191042683,stress,1630824.1619791798,100424.27802705961,0.004267348180894653,0.4009463348205961,5.39754578161835,29.645056189979805,84.26371844380493,41.22176958718504,88.36539795239365,0.06172095986285469,0.030651140666147172,0.47741692626914584,11.183552673983193,104.80275991730032,8.530151522644367,0.382191775363075,21.240486574807445,34.018295713044985,1.7835878575701982,15.388641654406442,0.9956364611719677,1.2870797127448537,4.210634085905505,0.3750994483668787,-1.799096943476498,115.14327476765271,955.8533787521894,138.25600188852812,55.76178563080145,0.2212409703423115,0.06809037549003803,0.45290552767609,-0.021589370436513218,0.8794326178690018,0.426359553970884,-0.36410726588822523,0.05667915451259639,-0.2532775517411755,0.3464622523688425,0.18321387488303,0.1333184482146213,0.4856698296559694
11.575651148711678,251.11929417196131,1.7926375283661333,baseline,1228363.4349104203,3125069.2826856496,-0.002946596154404897,0.40047725727142075,3.6413970415962646,3.734854960328728,148.5836979640832,179.50331913339815,175.91006965540475,0.020305460263224363,0.06100115023258249,0.08375615673419791,0.8838217262864281,106.81910092745557,10.350377999578239,0.47757933013913706,19.871642408461586,35.32477168985201,2.278099191657466,4.711109781200132,1.1418274742882337,5.942339105104154,15.97633375679747,0.6790946982967929,4.487252301643263,234.68475956321996,1846.7022070810185,136.63830275570635,46.013742609742096,0.15816705575122528,0.1332711246033566,0.8314958497534118,0.3725172688631213,-0.2888673698330112,0.33165989406614016,-0.3395914934118923,0.21689521598272393,-0.32462520461623917,0.17203661283971078,-0.4220769465598613,0.14563129540450562,0.37591295292672694
2.5232256859766045,189.50077683621603,2.8564629762123417,unknown,1882646.1989063788,1048211.6210399275,-0.0023342457257851065,0.2940837399782697,2.1961189064007014,27.23320663234425,97.42561995885977,136.69685279368323,38.07771871931748,0.052016622820982926,0.07582202688383184,0.4129923371523476,13.339363915337588,72.75458000512442,14.567761236060369,0.10301720358302434,16.83518057343495,19.22093058630215,0.0870893866032326,11.214726124348179,0.6394894661073224,8.065720819016205,16.33164865668134,0.5517730451535675,-2.891676436511994,74.81069316732862,1375.1620479848661,36.386131796686904,66.33333043500411,0.23489243191138814,-0.030582030681071876,-0.11097945906789596,0.19604422984111267,0.5798832292941496,0.2535728248794425,0.07406656762797917,0.09756760715875185,0.7488203462986822,0.7677281457418252,-0.41627482612369443,0.09852242575936575,0.2089319327651665
8.794508394048172,353.47565293629646,5.790794751386283,stress,3189564.148848493,506672.158413879,0.0009810178223278372,0.1455231810596181,3.921709586443971,23.527611409170166,129.01808597728834,180.60819804344825,24.388157497738543,0.060847784085962295,0.0683602866055044,0.4037868979517475,2.3476184302582483,19.857875534514413,17.465779726625115,0.9850630621635845,5.330039880356334,44.939766437547966,1.2238814561912148,9.434898936149011,0.48259157115657014,8.220070118149572,12.296810976180925,0.5079758937989935,-4.8036064388085435,216.41162149879963,1581.567287312389,77.70689537086535,13.16176389274546,0.3167547778282555,0.07377023623059094,0.21238581072136847,-0.12845443843769014,0.7192727983691992,0.182479729178034,-0.06586069639745047,0.048133562271440875,0.20418108128953946,0.6381432275796374,0.287747963524254,0.12401100214850097,0.2837378473830871
8.78632974267311,367.529016821682,4.186751427192167,stress,1853256.8939580573,3110512.643773544,-0.002193669793266906,0.21599047541215632,3.1372058143992083,13.424723771789754,115.30884662536688,48.56707949343333,9.303075920431592,0.058746064956607766,0.022777642983322584,0.22381240311239234,4.3815062094048285,159.87466040541142,6.032627154151314,1.1505794128488074,19.674589466975473,65.02145120235035,0.8125197730154894,1.6606181878902686,1.1735403483902176,9.352974657886062,23.4503338191439,0.6331433725701587,-3.609951180383293,200.98214443021263,786.4466184022965,134.26313500431485,3.1276750274440768,0.2248759206424839,0.11484174286804423,0.22954957501445178,0.7189872828743891,0.6844408468658939,0.12358106433282699,-0.34517890506914917,0.15728617584090515,0.302445878665663,0.5532678258556909,-0.6761678589667854,0.11217147779018476,0.20601489007659926
13.07487680691568,347.87021508999413,5.4857906804785275,mediation,1821163.515848965,1077168.4254827814,0.0036902420397100393,0.21288234395298497,-0.7860590862502106,11.753657947484024,84.63482069274343,69.29929824548356,261.08922520187974,0.04794767888942886,0.07541207746908135,0.2101378400600158,1.7026871056609552,24.666184913193405,3.4038543413501903,0.5832277962789654,9.928165988636673,42.54491309917815,1.9119454004942358,6.016781490503739,0.23562927581300933,10.615585667438104,28.088617004625654,0.4297323045810515,-4.077407283952339,121.03553443541881,1354.7147393822238,66.0857702263998,62.37066775462169,0.2566393567478737,0.02267856876519053,0.636146698765626,0.6941959628198358,0.014815272668537728,0.18742477950806252,-0.4315339360243277,0.17570052152744114,0.6136870358933316,0.9825415865307302,0.21614265178886094,0.007019336680901527,0.1512565899130597
16.368224088680016,257.57590649446416,4.373155544419263,stress,3515306.6282167016,1551730.774671777,0.0032923203817714557,0.3307434243649679,-0.07608555020534435,12.846907595531121,122.15083414393017,29.57543511863448,168.16696253897356,0.004904557639591571,0.03366920673724495,0.25745164216050714,3.0857020734569818,193.3207669053716,10.434958732750182,0.909956440746479,3.921421812916474,19.479796988157673,2.2844050576955652,12.18807731219496,0.4041063035658709,3.0603844371101316,20.10114341690552,0.5716325242859355,-0.9653603684147496,172.32893311221125,2906.433714445079,122.9507791538851,32.041079682215745,0.3152426633769482,0.20729941733891058,0.7368445873338069,0.12696503512075183,0.868929936179948,0.2105648595322559,-0.4454008141454833,0.10365635825160378,1.0720817295167708,-0.0018644637743064575,0.08974134717466854,0.062373435290558416,0.22389115936281123
16.006993415587573,364.8025163913389,3.888033366675897,baseline,1158357.8971567594,4125986.2829912305,0.0011143665788499791,0.19600729641212294,1.866839858625246,20.01477870547742,127.7675955482882,60.654473795747535,7.746168622313586,0.011884579860635403,0.07667499815361103,0.4895276247649682,11.452188751037504,2.1750711154966487,10.976768228862124,0.5502818807743162,11.524925245252563,45.94485689289514,0.23571015159880482,9.448669589161074,0.5489444953116374,14.051803978625953,20.823654968563464,0.7177512382460476,5.363090002979627,266.927575910551,3212.0846896588278,110.06576641187854,64.35640778240649,0.2752083378445611,-0.017001452324625736,0.6318269262655337,0.10135103614614017,0.14433371607970827,0.22393692899005965,-0.46329433227900996,0.1362130243170131,0.10907776867973411,0.366100108684372,-0.20951408262169158,0.024921188449570635,0.3293143135077568
5.816860695978468,152.40773812065325,3.1988354333394025,amusement,3355175.3876728434,4080867.5668189684,0.002260356985259291,0.34409781623468705,0.7259108131557916,25.598809389786815,127.38239380984528,127.09026559422097,42.15388233266666,0.08502446105166199,0.05236843716461755,0.2838824541105346,0.7178941683777577,17.92107213268196,18.82768936720134,0.012579024528485732,17.391726967442132,56.60051330580904,0.013969169570260403,3.7826965944772875,1.141377421986999,14.296263656252732,8.75297548965922,0.26181013124999225,-4.763263817407856,266.6267430484785,1958.3366654193958,97.41457902227985,16.436375660405304,0.26792852915436904,-0.05470156248591228,0.3376390370163805,0.6787597275175821,-0.08536011712983944,0.022889979272939658,-0.0008134518570621908,0.04289329292812173,-0.42448824718655204,0.5427862589329856,0.012807368406141061,0.07738897631085057,0.2202800462085475
5.169242739327614,180.47532812096026,2.058211263259893,stress,984215.2112212,3179210.4849842614,-0.0037575426555101236,0.4650388163744086,0.02206474273898273,11.049590055593791,63.60636695186346,166.56097122270322,130.996042629777,0.049399749764809285,0.03826753478054128,0.5812702156520126,6.280504695613513,195.3002540605282,9.930168615727554,0.13471615402550519,20.11769295735485,38.532598035333706,0.28827751224846093,3.8029213740621692,0.9794639160319935,1.2030648740136636,26.47983045783266,0.3445574087906039,-2.2183319118787317,295.4409823992915,681.3763520943294,81.68930363339598,55.78002743218276,0.16997952924557655,0.03261771962406111,-0.09186449112000769,0.2782075208006383,0.6052952903740915,0.1484586910791401,-0.27478963844510834,0.1756900886375211,0.8756478437173673,-0.07544810793881603,0.23830025094188526,0.034667495159989695,0.5388228172161601
12.105818256973025,148.60252499240633,2.003434150649371,baseline,2684225.161615166,1188004.9628586723,0.000973079205498844,0.4204494831384103,2.34899762969449,21.24859253296991,96.07422538016958,35.101505864981995,139.42175828284303,0.030131051052591305,0.02516247391086979,0.1938679815238047,3.9887805884512066,103.68211736638085,10.905017864161742,0.9788197193290507,19.226704116053252,6.443605248564154,0.3011274685237652,0.4478437395092895,0.9653768136722557,1.8088277265325747,30.92944898063646,0.019377079013204363,6.30572617370398,270.91721540036286,1506.241849155879,123.6192769135333,10.987366570137022,0.04939807760310459,0.2250774094143912,0.5197392287417711,0.7089018490596429,0.007535253838685613,0.29159174647172115,-0.203528632871369,0.05212794229360458,0.6766361204323844,0.4613377413909871,0.1735019259189951,0.09353354891171989,0.17939585333964436
2.7029791904307365,56.5375833068045,1.744902297157229,stress,4341530.03559444,3813997.67095137,-0.0004511260674065997,0.2820724547460916,-0.09824300704258591,11.432583808933114,112.58019239897308,159.72161043828348,320.8250225588026,0.035900571540326554,0.014492861285685272,0.44408859342347934,4.369704308159784,130.4236718749406,11.857235997507276,0.2470705773263687,7.472133578956384,30.10984613420457,1.4980634036415634,13.856292926678625,0.5485861893246001,10.991738442558221,17.045523052871243,0.12133673730612546,4.564835416135261,184.93311790300936,290.6679380728268,122.5204081736351,77.25965647880663,0.10238455639071352,0.021200441537320733,0.16929708579234565,-0.04797220922800011,0.44791850405203826,-0.05346043328676484,-0.49529008298883415,-0.0025560781459854297,-0.2595720763970488,0.1502408163437402,0.08944606906883544,-0.010999722304791687,0.23466328252329852
6.472390202289977,195.61563312806558,3.0422230443242144,baseline,2279368.4646414784,3143268.6565841218,0.0043922608820072435,0.18433984882172685,-0.45802687851259655,21.565101825461824,111.89676406180439,53.03372046715702,182.30108193979132,0.05605391709376628,0.07932400014188147,0.2351406763692454,12.636804251550112,134.16031040518448,9.483408787682016,1.1932499342445002,22.206789362038517,6.424805715824704,2.1540057943977193,6.276138423642149,0.5930762770872018,11.042306190022703,28.732046631078845,0.1368197460227224,-2.643343991090147,6.32239322514736,2236.5182694750492,110.24631383776024,7.280538166661686,0.05589266951742112,0.19015896093146648,0.6463640423045901,0.3711067213930567,0.2290304530020231,-0.038357074148512374,-0.01320183125850625,0.2353945701883892,-0.19669740866149477,0.5698039176647274,0.31905475555047247,0.01060175537919193,0.16720419122605557
3.1722486594697488,73.51942736752525,1.530566889805466,mediation,1386576.3192086963,177191.2069180041,-0.0031104265262870334,0.3521239086619769,3.0450829960786505,31.14868961442898,85.55781753751273,220.34646985141922,44.614537896455296,0.06353335628078705,0.07517270037961528,0.42403349206763036,10.591737111896,102.5535895040141,13.591712774581714,0.20918617635659417,9.747049482678367,36.50608590645123,1.4975332913897617,15.101783017135977,0.5950272239926577,13.596418585704352,15.335242235420795,0.7151139243202049,-0.5687253734702123,333.41834803458056,218.03560181969573,69.34854114839062,45.46519562764617,-0.015218867956266336,0.020306576066824296,0.029814375435131647,-0.021182902831378574,-0.08626868273497036,0.06312643245473337,-0.5358754096381411,0.04448036941506047,0.4720301922095936,0.6620862512963437,0.09470742858025305,-0.029239191797706288,0.18148116182751398
8.876547668673437,60.21888430509415,2.358961548019965,mediation,1757259.853490906,2066400.7829939777,-0.0014215776604804766,0.4201381102606818,-0.33226453630204916,14.9324514256455,144.29742806737525,151.6672695066129,24.612337519030316,0.07340191881922956,0.02321258751207795,0.22784843981319314,12.486798192358847,145.8796923094415,15.18891603341287,0.7933831927591334,3.955512546416396,16.79265909587636,1.064258559104986,6.706844933044999,1.0254088508979966,9.437387261875227,6.478284683958373,0.401858835741002,-2.8330020576500567,169.1666427671575,1350.3052204422954,138.29509174420653,90.5435678647227,0.1588885996565814,0.007224444353993009,0.04320369668287387,0.0664372565035056,-0.25889651687474774,0.009745022081870471,-0.4917510550756945,0.10834825629877745,0.15858204708318505,0.9431312482453692,0.34597070964959487,0.025236221607049747,0.4543720350885639
5.1058549476076465,176.94476076038129,2.374484520810395,stress,1845387.7501173539,1245333.7879094097,0.0004733581347493377,0.1723137353019564,4.076278064904285,27.062968298374066,133.33325895625399,93.55198257927593,168.06529335036814,0.0301960584902481,0.06363099140784714,0.4459537568855753,10.194354121010662,80.7042657383211,5.86876206902425,0.24107213761823174,9.557219563360638,27.850662824401688,0.9130453957024822,2.7674284822999287,0.39969640318489397,3.889130212521761,12.176014156072373,0.1090867273010677,-6.19217907113689,258.7637640998448,1991.970965333345,81.2476585419068,58.85036242878302,0.32667412928504574,-0.011839372505496716,0.24739167443358384,0.681919011621633,-0.11666658498981859,0.390877217164864,0.0474087719539018,0.14860222026654504,0.9935459771543054,0.05838377160118207,-0.6288662106947414,0.03679043038828115,0.26747424864977437
5.268360135120573,298.506278543354,2.2099988059272033,baseline,2989020.0975753916,3487773.537681107,0.0010023937333686922,0.12612403469888564,0.36714820116852454,28.64133277890858,77.01381384919179,230.22838291085074,231.61336589145012,0.01714682140551337,0.03580067784635448,0.31083139587079006,0.5506847670668057,157.23154722976642,18.3845834567565,0.016583643643043586,16.594862739687347,8.573712278046628,1.7098685351403,0.4415357638269308,0.8715310213895605,1.7745271075852262,10.062334315626604,0.5226501829405076,-6.881730501719123,100.3932808597398,2839.6754245631682,67.22290589578745,40.235820514501334,0.06944667523135266,0.028854028305060047,0.7740272455979094,0.027648573004773695,0.06899588485435998,0.03418143006984649,-0.5924434450313928,-0.0003753092361756206,-0.2150226006085715,0.18945217162590502,-0.5596351646172754,0.04312045062503378,0.17270639889086306
13.69596389984524,288.4641582927739,2.7973509212059895,mediation,982452.1326731292,1726561.6318357436,-0.003465289222311798,0.2030438528127456,4.964120298690518,13.30730653616415,112.86122964635076,65.53918328472376,65.45740046620269,0.0315757848956431,0.03185757422203555,0.47016575434116764,10.643675479193806,162.8607128562721,18.278389146851822,0.3199752516839327,4.091419968851302,6.469433870802666,0.03808238995180099,7.253731088116335,0.3141822274628331,14.729137694626916,16.535290819463388,0.2477994151511948,5.81909863867188,89.70277699228377,774.5105919796098,120.95953617541655,90.01221619474944,0.14272029234611547,0.08198922958547913,0.7033465273249006,0.0960291517771302,0.9329992248638028,0.1486207284404636,-0.272769924364335,0.11497474029804695,1.0818333008321575,0.6161603549613851,0.20668838808744674,0.058317131472281014,0.24376347141362223
2.869545319784824,261.0303655825304,2.0230061916128803,unknown,4518586.029967152,2938116.8597360677,-0.0007481620030965797,0.4406677871717386,-0.06509422259056782,30.297676471400205,124.06742488210372,170.1825664440508,29.577766296697202,0.08478658626778587,0.0373169132023222,0.029706468081842553,12.98065991017809,92.08312357496567,16.09271615990525,0.8009039494204025,4.006842710498682,6.139245276426687,1.808993357797304,3.7720840774413387,0.5124376513859045,13.472264847301732,13.03470515456064,0.4507749154268177,-1.4006962279838637,339.1758295584705,1871.3308530312502,38.67940588560342,30.843710839106002,0.19285709338136087,0.07887857489336583,-0.21094634787361294,0.4787915767115492,0.861127184150267,0.4480929417423145,-0.16590662414689047,0.048489890124621085,0.9652410235555282,0.8172137475150609,-0.41055064005570796,0.05931368839242248,0.40417134187144077
11.661239974570085,42.037414479460566,4.627740229111593,stress,875927.5312815164,4536341.4178465465,0.00410606585903107,0.2862879548752319,4.676376458273312,22.929270830750887,114.66509037721634,114.04835896666798,64.58996843909954,0.07330440002684743,0.0606269750390309,0.16799963465161444,6.363708794796644,181.8932343722229,20.536522331113137,1.0725907439758395,22.33150673171865,33.13930051803011,1.785746691028031,9.023116693551952,1.017310653463929,11.34838134057257,22.342179429652532,0.05055977944367174,5.021761425414875,162.7970043364698,2774.5573997794004,68.2978094756643,22.784757381931367,0.35780977398896824,-0.038111613521398496,0.8544628241417181,0.07652951971130764,0.4251171404585341,0.187770226445597,-0.5105188479456033,0.1283534003516825,0.589562858838542,0.026062390389314877,-0.5818789133397444,0.04736534236312418,0.3724434978855786
8.430485702666589,60.01919517678073,1.4060194354124127,amusement,4015332.1573091336,795617.3856382684,0.0012129933780678987,0.21300747464699626,3.0858477692433706,24.13090847862419,73.13384601925614,154.00549689002125,312.2581405904988,0.02920990546032394,0.07512855780698323,0.18345833616280455,13.08462245435267,137.6360107393051,6.877091462624355,0.7477950544150378,20.476699006602754,35.20236761416261,1.5155792981654304,0.6148485554408363,0.3412982998964791,13.921390731687229,16.554342243456247,0.3987187639453177,6.068100758394958,94.65858046860123,3005.522008459428,100.49911982410445,18.860068826794073,0.2125953838402439,-0.04344117062965438,0.3806203018327079,0.451818199781169,0.6007924124898344,0.21042442878191792,-0.4698080202046142,0.20094475155804978,0.3972404470660202,0.6265094594114945,-0.6293135072384788,0.00406946186287418,0.1641268333559756
5.544848701442938,334.40843644776436,4.742893278884145,stress,1098853.064688084,1480646.9254657866,-0.002425455866666554,0.2944997201801547,2.1621279903575132,6.867395348996479,68.31602449485702,170.87944238093903,63.09968768006658,0.09100652124626718,0.0724913576361741,0.2256072689859024,3.746868086548049,107.75070663172544,4.284766853971392,1.12509885165104,7.95059992135033,63.91981141406073,1.5002323375773987,5.286092208823078,0.33618714363109864,15.001148384219475,4.555163504301653,0.5732094995248612,-7.522121871917497,151.68937123972506,2617.406195835939,48.89407876511927,83.93154151128641,0.2312640171151111,-0.04968372204510936,0.12110677689286291,0.06453270607337454,-0.07217592207252249,0.49601088198188137,-0.47928579689626716,0.2000296413389488,1.0425801275353863,0.676016021916844,-0.5712619395271469,0.12527448266767016,0.450068598816135
16.871417530140974,250.00500074210566,4.213744612048785,baseline,3885091.545607098,4289048.930500355,0.0006006178255402296,0.4441822140376836,4.785869327937608,3.9929268959841298,90.58640575652453,213.34811875227754,315.9651225427713,0.07320752222985884,0.04199523863963961,0.14455812595324904,7.656756208083325,128.45273993244274,20.80698751239357,0.6030465748243293,18.77909743059694,53.010230593124085,0.15892250069780198,11.752049393448182,1.226120483459175,7.849834113894182,30.251777874186786,0.7124878528577818,-5.7555341850567086,337.75840909745017,1233.9592906896603,49.616038721086014,58.287994206478594,0.21562319409865804,0.04810352113603687,0.4554084306389429,-0.02180032284640098,0.30376574230302333,0.13965378639791537,-0.28381263273239665,0.16162655837742035,0.0294277791754992,0.08044010942507525,-0.1798801882216484,0.09848898715134706,0.18078398919625327
2.2847053232191588,357.52663337388867,4.428984711443468,unknown,4317580.554230207,3236969.6321227453,-0.003214427807305684,0.38066917912977666,1.5262350900784678,10.534927034407861,61.12380774322846,153.19480527980468,29.811253074886743,0.020812456127863626,0.058851575051027505,0.25282289500812416,11.447157775727053,172.1466782564346,21.790262378273034,0.9040213880614391,4.3022444318467725,35.5753347332288,1.8160540250506336,13.410548669578512,0.004257652014846427,12.632026484792371,18.468892473971547,0.20765394530013592,5.045839340427594,152.60062098679913,578.2926740748957,32.84240453509971,58.436972806810985,0.06681184536763471,0.06504176404428987,0.21677677368628195,0.257698423073201,0.2121836338747832,0.033529661755601285,-0.14780730783604737,0.13434745267953738,0.5640345495914996,0.02974779561127362,-0.657877324061492,-0.015598621901285425,0.3745595130728067
15.386535376544288,87.69486389608328,3.8410810050115454,unknown,1302991.3039198404,752249.8083245003,-0.001415453537743481,0.35577838172518855,-0.84455310459748,5.686746137606641,141.64425231823498,36.59692001987353,180.11785415851506,0.08724059486025425,0.07963734067293399,0.3785648022083759,1.8364935778712008,189.41884570800283,2.339342532055945,0.20871602688399765,9.725582196953894,45.82259865802669,0.7498934459770601,1.3428569658014131,1.1660002433390995,14.824958422040655,15.588611497453822,0.2373103917078256,-1.3538200654847263,274.8725750276301,367.65942285904475,117.590435887955,50.20086367823849,0.3345901352653488,0.2205611942502579,0.22885716263179232,0.47142797706906736,0.19947326038731386,0.11907098171497543,-0.6600959173010517,0.06814443235792982,0.810016155935063,0.045124850779481286,-0.4181009873450413,0.04138242716895926,0.21915630367223915
